{"cameraMode":{"drawMode":0,"name":"Shaded","section":"Shading Mode"},"sceneLighting":true,"audioPlay":false,"sceneViewState":{"showFog":true,"showMaterialUpdate":true,"showSkybox":true,"showFlares":true,"showImageEffects":true,"showParticleSystems":true},"in2DMode":false,"pivot":{"x":956.63232421875,"y":307.75537109375,"z":0.3205692768096924},"rotation":{"x":-0.01680164597928524,"y":0.028773700818419458,"z":-0.0004838022287003696,"w":-0.9994446635246277},"size":98.03131103515625,"orthographic":false}