{"cameraMode":{"drawMode":0,"name":"Shaded","section":"Shading Mode"},"sceneLighting":true,"audioPlay":false,"sceneViewState":{"showFog":true,"showMaterialUpdate":true,"showSkybox":true,"showFlares":true,"showImageEffects":true,"showParticleSystems":true},"in2DMode":false,"pivot":{"x":2.4404773712158205,"y":0.10000011324882508,"z":0.8097018003463745},"rotation":{"x":-0.14078892767429353,"y":0.7853679656982422,"z":-0.19369953870773316,"w":-0.5708381533622742},"size":1.134892225265503,"orthographic":false}