{"cameraMode":{"drawMode":0,"name":"Shaded","section":"Shading Mode"},"sceneLighting":false,"audioPlay":false,"sceneViewState":{"showFog":true,"showMaterialUpdate":true,"showSkybox":false,"showFlares":true,"showImageEffects":true,"showParticleSystems":true},"in2DMode":false,"pivot":{"x":-3.8499999046325685,"y":0.6100000143051148,"z":-2.940000057220459},"rotation":{"x":-0.14078892767429353,"y":0.7853679656982422,"z":-0.19369953870773316,"w":-0.5708381533622742},"size":0.857365608215332,"orthographic":false}